Name,Enrollment No.,Gender,Contact,City,PEM,DM,OS,COA,OOPJ
nisha,180280116100,f,747-094-9614,Gandhinagar,68,62,67,67,67
manish,180280116101,m,174-612-4067,Vadodara,57,22,35,42,49
pramila,180280116102,f,161-786-0160,Ahmedabad,38,54,55,30,20
rekha,180280116103,f,767-737-0527,Ahmedabad,54,53,25,23,68
muskan,180280116104,f,390-149-7969,Amreli,61,63,61,67,65
shri  aladeen,180280116105,m,652-337-9095,Vadodara,47,35,53,37,37
mohini,180280116106,f,986-358-2979,Vadodara,50,28,55,34,45
manju,180280116107,f,287-063-0964,Vadodara,25,57,64,49,34
wasim,180280116108,m,437-037-0103,Rajkot,52,68,66,67,30
ramvir,180280116109,m,708-658-2304,Amreli,46,66,66,31,39
deepak,180280116110,m,639-849-8391,Amreli,58,45,38,15,42
yogesh chandra joshi,180280116111,m,945-713-8436,Gandhinagar,63,68,25,38,59
tinku,180280116112,m,140-028-0915,Bhavnagar,54,17,58,67,62
rupa,180280116113,f,218-684-0915,Vadodara,28,17,68,54,61
jyoti,180280116114,f,133-006-9488,Gandhinagar,18,16,42,51,67
sonam,180280116115,f,262-338-9455,Bhuj,27,31,27,69,18
muskan,180280116116,f,790-208-4078,Amreli,69,20,18,38,25
shabbo devi,180280116117,f,721-859-3260,Rajkot,22,30,30,56,70
sarita,180280116118,f,145-067-7573,Vadodara,44,31,45,34,38
dhana devi,180280116119,f,474-200-3926,Bhuj,43,22,16,67,49
naresh kumar,180280116120,m,597-615-6063,Bhavnagar,61,63,45,54,38
suman,180280116121,f,569-679-9382,Bhuj,40,42,64,56,70
lehru lal,180280116122,m,999-471-7186,Bhavnagar,59,23,19,63,44
shri ratan lal,180280116123,m,745-881-0801,Gandhinagar,46,43,59,21,15
saroj,180280116124,f,283-683-1352,Bhuj,41,50,51,15,32
sanpat,180280116125,m,236-858-0068,Rajkot,70,63,67,65,62
saiesta,180280116126,f,890-525-5303,Bhuj,23,57,59,58,25
saahin,180280116127,f,721-607-9884,Ahmedabad,66,67,60,67,62
lokesh kumar,180280116128,m,929-884-7410,Ahmedabad,35,33,16,21,23
mohd zaid,180280116129,m,599-597-7044,Bhuj,45,48,19,34,68
meena,180280116130,f,578-656-4829,Surat,22,35,19,56,44
barakha,180280116131,f,499-743-4474,Gandhinagar,67,66,60,69,64
jaipal,180280116132,m,132-316-9891,Bhuj,60,68,70,68,62
sh. bharu singh,180280116133,m,447-601-5935,Rajkot,19,17,16,24,16
shyam pratap singh ,180280116134,m,711-196-2833,Rajkot,70,66,63,64,66
vijendar,180280116135,m,657-451-0073,Amreli,69,63,65,63,67
neha,180280116136,f,559-201-2405,Bhuj,21,38,32,44,52
mukesh,180280116137,m,860-169-4366,Amreli,30,39,57,38,40
nishant,180280116138,m,378-713-4361,Amreli,43,58,58,69,33
afrin,180280116139,f,742-541-2935,Ahmedabad,18,23,53,59,60
"-	radha",180280116140,f,398-811-1192,Surat,67,65,61,62,65
santi bai,180280116141,f,221-012-5548,Vadodara,68,62,69,60,60
anju,180280116142,f,674-497-1301,Rajkot,60,60,62,68,64
mubashir ali,180280116143,m,181-169-2191,Ahmedabad,62,61,61,70,63
rinku,180280116144,f,536-631-2808,Vadodara,45,48,53,31,18
sukhavinder singh,180280116145,m,389-750-5163,Bhuj,70,61,63,65,67
deepika kumari,180280116146,f,745-588-9513,Amreli,17,42,46,45,25
priya,180280116147,f,635-456-3191,Surat,64,68,63,67,62
ravi swarnkar,180280116148,m,331-234-6032,Amreli,70,68,61,65,67
shabreen fatima,180280116149,f,638-368-0931,Rajkot,29,66,40,68,22
harun rasheed,180280116150,m,144-497-8781,Ahmedabad,70,52,43,40,70
pooja,180280116151,f,679-205-1088,Gandhinagar,44,21,45,49,47
mukesh kumar,180280116152,m,185-785-0970,Surat,60,67,66,63,70
rinki,180280116153,f,429-432-2793,Rajkot,18,15,15,57,27
smt punam,180280116154,f,391-101-4624,Bhuj,27,48,54,46,25
mandeep kumar,180280116155,m,788-674-3282,Bhavnagar,25,40,39,18,31
rajesh,180280116156,m,985-683-4728,Amreli,64,64,62,64,64
rambha,180280116157,f,770-575-6699,Bhavnagar,48,54,50,31,26
vivek,180280116158,m,420-444-8089,Bhavnagar,70,47,40,51,34
anju,180280116159,f,848-115-0091,Ahmedabad,40,27,54,63,17
ujir khan,180280116160,m,231-777-4427,Surat,37,37,63,37,33
kumari archana chauhan,180280116161,m,488-430-2168,Bhuj,60,43,17,37,24
rakhi sharma,180280116162,f,705-346-5136,Bhuj,44,65,23,47,61
anita kumari,180280116163,f,454-090-1962,Bhavnagar,68,39,38,16,39
ekamjeet,180280116164,f,833-774-3655,Amreli,52,42,48,21,32
vijay kumar,180280116165,m,199-664-4373,Bhuj,45,70,63,54,59
babli,180280116166,f,824-528-1074,Gandhinagar,25,65,19,38,40
shashi,180280116167,f,245-216-2978,Ahmedabad,44,46,60,43,39
seema,180280116168,f,378-001-6942,Bhuj,48,52,45,27,27
deepak,180280116169,m,460-691-7226,Ahmedabad,34,18,16,27,20
naresh kumar,180280116170,m,970-458-3363,Surat,50,63,22,38,51
narender saini,180280116171,m,396-216-8695,Bhavnagar,50,48,51,33,36
reema,180280116172,f,928-872-5624,Vadodara,30,29,59,44,41
sagira begam,180280116173,f,820-109-8666,Amreli,41,28,42,32,28
sanjay kumar tripathi,180280116174,m,461-027-7738,Bhuj,40,37,16,60,18
prya @ choti,180280116175,f,695-385-2531,Gandhinagar,70,70,70,68,60
rameshwar kumar,180280116176,m,558-096-2508,Vadodara,30,26,31,35,54
ranjit singh,180280116177,m,486-773-8852,Vadodara,28,62,38,65,58
priti,180280116178,m,556-140-8850,Rajkot,32,38,65,23,29
sukar yadav,180280116179,m,874-244-4396,Gandhinagar,34,54,28,48,43
monika munda,180280116180,f,203-398-5908,Ahmedabad,63,62,67,60,67
sonu kumar,180280116181,m,360-303-9994,Bhavnagar,69,54,70,39,53
shiv charan,180280116182,m,710-124-4630,Ahmedabad,38,62,46,39,46
matadeen,180280116183,m,842-734-6191,Vadodara,57,42,41,60,33
dipika chaturvedi,180280116184,f,398-834-4286,Amreli,24,38,49,50,40
sajid,180280116185,m,187-532-0745,Bhuj,60,60,66,62,67
nilam sharma,180280116186,f,542-245-1527,Vadodara,70,48,69,60,44
kumari himanshi,180280116187,f,765-242-4829,Vadodara,16,59,57,32,24
surendra,180280116188,m,118-091-1238,Rajkot,62,40,47,68,34
sanchit mittal,180280116189,m,773-563-2329,Ahmedabad,70,65,47,25,33
gangajali devi,180280116190,f,909-149-0446,Vadodara,62,67,68,67,65
surindera rajpal,180280116191,m,672-627-0806,Bhavnagar,22,48,60,61,24
pooja,180280116192,f,914-611-6664,Amreli,65,40,69,27,51
nitin  or rohit,180280116193,m,922-295-0596,Bhuj,31,31,41,21,16
mamta,180280116194,f,726-607-7382,Bhuj,66,61,61,67,65
sikha,180280116195,f,739-135-6372,Amreli,65,63,68,62,68
sandeep,180280116196,m,611-846-1385,Amreli,62,64,40,67,24
waseem,180280116197,m,652-876-6072,Rajkot,31,24,37,59,62
pooja,180280116198,f,855-720-4458,Bhavnagar,31,37,30,37,70
bhawna sejwani,180280116199,f,574-632-4613,Vadodara,66,64,69,66,67
nikita,180280116200,f,645-356-8442,Surat,28,69,41,63,35
kunj bihari,180280116201,m,206-349-3786,Rajkot,64,62,68,70,65
sonu pandey,180280116202,m,270-358-7786,Vadodara,27,47,20,16,46
shrimati maya devi,180280116203,f,393-173-0570,Rajkot,68,28,22,20,69
madan mohan meena,180280116204,m,982-267-7039,Vadodara,47,64,53,48,58
smt. divya @ chhoti,180280116205,f,626-772-7318,Gandhinagar,21,53,43,49,40
tabbsum,180280116206,f,531-782-5480,Bhuj,46,65,60,62,49
tej pal singh,180280116207,m,797-171-1740,Vadodara,37,36,66,69,44
priyanka,180280116208,f,720-859-3748,Vadodara,56,18,19,56,68
reeta @ rachna,180280116209,f,240-007-7312,Bhuj,39,35,22,29,52
vikrant,180280116210,m,759-520-0029,Ahmedabad,62,51,60,24,22
ashu,180280116211,m,902-085-4274,Gandhinagar,45,31,44,32,60
poonam kumari,180280116212,f,689-069-6362,Bhavnagar,41,42,59,58,25
mandu ram,180280116213,m,156-107-9811,Ahmedabad,33,69,65,39,40
fatima,180280116214,f,976-877-9252,Gandhinagar,33,57,68,20,30
priti suman,180280116215,f,105-734-1430,Bhavnagar,17,67,19,52,46
poonam,180280116216,f,196-315-1377,Amreli,54,49,64,62,60
manish kumar,180280116217,m,727-500-0356,Vadodara,26,48,24,29,27
prahlad,180280116218,m,917-231-2517,Surat,67,66,65,60,60
mohad islam,180280116219,m,186-502-7488,Bhavnagar,58,60,50,27,67
nankesh,180280116220,m,851-076-4800,Vadodara,17,47,19,69,21
reena,180280116221,f,518-547-7608,Bhavnagar,60,32,55,35,25
kiran,180280116222,f,593-443-0068,Ahmedabad,67,21,21,60,30
gitika,180280116223,f,497-878-0707,Amreli,67,68,61,66,63
deepali,180280116224,f,333-624-2155,Vadodara,41,49,35,31,27
akil@sonu,180280116225,m,927-172-8378,Rajkot,55,38,27,62,22
rekha,180280116226,f,420-817-8761,Vadodara,42,17,58,70,70
geeta,180280116227,f,998-519-0044,Rajkot,36,41,52,40,33
said mohmad,180280116228,m,300-884-0029,Vadodara,15,62,32,16,45
renu,180280116229,f,389-681-0039,Bhuj,49,52,21,47,50
hansraj,180280116230,m,812-440-7436,Amreli,52,41,46,57,42
pinky,180280116231,f,495-680-8640,Amreli,54,36,17,19,44
ghanshyam,180280116232,m,909-883-2868,Amreli,58,42,24,27,61
simran,180280116233,f,550-097-8192,Rajkot,60,70,68,63,60
sakcham,180280116234,m,476-135-3482,Vadodara,40,28,36,17,17
reena,180280116235,f,561-593-4094,Bhuj,47,28,65,23,69
laxmi,180280116236,f,353-546-8192,Vadodara,63,67,63,68,65
nasim,180280116237,m,354-725-2867,Vadodara,70,64,60,64,63
mohamad awar,180280116238,m,859-380-7310,Gandhinagar,63,70,61,63,69
jitender,180280116239,m,361-126-7661,Bhavnagar,27,56,19,31,38
ku. fatma,180280116240,f,250-129-2584,Amreli,60,70,66,62,68
arti,180280116241,f,693-537-5906,Gandhinagar,59,43,37,55,70
najrana,180280116242,f,500-394-8245,Bhavnagar,33,59,20,35,51
ashu,180280116243,m,999-734-2850,Bhavnagar,65,33,65,61,56
aftab,180280116244,m,776-303-8629,Ahmedabad,52,64,54,59,31
deepali,180280116245,f,760-736-3403,Gandhinagar,61,68,68,67,64
sabina bano,180280116246,f,236-142-9870,Bhavnagar,18,65,24,18,53
vinay,180280116247,m,528-846-8623,Vadodara,26,53,33,18,42
raj kumar choudhry,180280116248,m,530-226-5847,Surat,59,66,69,31,62
vishal chaudhary,180280116249,m,900-559-9732,Bhuj,37,55,43,69,16
pappe das,180280116250,m,808-842-7148,Surat,23,48,58,19,15
banwarilal,180280116251,m,338-009-8732,Ahmedabad,67,61,65,62,69
pooja,180280116252,f,928-049-3287,Rajkot,22,57,63,46,21
renu,180280116253,f,519-702-0875,Bhuj,57,53,57,53,51
nitin @ bhura,180280116254,m,878-659-0742,Amreli,19,67,52,58,48
meena,180280116255,f,908-213-7708,Surat,47,28,47,69,55
pinky,180280116256,f,967-401-9917,Ahmedabad,22,47,17,68,32
rukhar,180280116257,f,753-647-4296,Surat,17,63,67,17,22
shikha kumari,180280116258,f,636-450-8818,Ahmedabad,18,68,18,53,56
md. asif @ sahil @ ashu,180280116259,m,719-419-1779,Bhuj,70,64,32,47,35
manisha,180280116260,f,793-029-0015,Ahmedabad,18,29,68,42,65
shehnaz,180280116261,f,604-840-2290,Bhuj,22,47,20,57,44
priyanka,180280116262,f,698-723-1226,Bhavnagar,53,20,27,39,49
pawan,180280116263,m,241-670-2639,Surat,47,44,35,48,39
neeraj singh,180280116264,m,768-042-3512,Vadodara,32,32,34,70,18
sahiba @ ruby,180280116265,f,869-249-5341,Rajkot,27,47,48,21,56
rachna sharma,180280116266,f,340-638-1892,Bhuj,56,52,60,24,31
sunil chauhan,180280116267,m,346-574-9156,Ahmedabad,50,57,22,17,17
mool chand,180280116268,m,949-705-3928,Rajkot,33,20,15,46,50
ajay kumar,180280116269,m,762-319-3684,Surat,66,64,65,60,69
aarti,180280116270,f,705-650-0567,Vadodara,64,63,66,61,66
bhojaram,180280116271,m,618-059-2085,Surat,60,60,62,65,65
anil,180280116272,m,840-729-3468,Bhavnagar,64,40,59,21,57
rakesh sharma,180280116273,m,907-645-3762,Gandhinagar,28,42,63,47,35
farah,180280116274,f,308-549-7749,Amreli,45,50,31,25,15
heera lal @ sunil kanojia,180280116275,f,805-715-4521,Ahmedabad,67,61,61,63,63
vikash,180280116276,m,883-694-8013,Bhavnagar,37,24,22,23,35
sufian,180280116277,m,714-673-5443,Bhuj,27,51,28,56,19
ravina,180280116278,f,807-623-4611,Surat,35,20,24,27,32
chotan,180280116279,m,399-552-0769,Surat,24,19,37,24,37
inderjeet @ munna,180280116280,m,107-678-9575,Bhuj,16,65,58,24,15
leela devi,180280116281,f,619-822-3328,Ahmedabad,65,69,62,68,66
ajay,180280116282,m,265-218-0441,Amreli,70,61,65,69,66
mala,180280116283,f,800-087-6042,Gandhinagar,60,51,50,20,64
yogendra,180280116284,m,388-689-0133,Surat,33,68,25,42,35
mohseena biwi,180280116285,f,935-613-3931,Bhuj,61,51,20,21,65
shivani,180280116286,f,115-521-3841,Bhuj,60,65,61,65,69
soniya,180280116287,f,820-377-1664,Gandhinagar,59,51,22,33,66
manuja,180280116288,f,860-431-9475,Amreli,54,23,44,63,57
kumari arti,180280116289,f,384-885-0352,Vadodara,47,31,29,36,69
joholal soren,180280116290,m,771-130-6414,Bhavnagar,34,33,59,42,23
dilawar,180280116291,m,978-418-7159,Amreli,27,66,36,19,56
fiza parveen,180280116292,f,269-568-9468,Vadodara,26,67,45,36,67
sugai vishwas,180280116293,m,322-780-9052,Surat,65,65,60,61,69
su-shree  pishta,180280116294,f,806-322-7727,Bhuj,20,22,16,35,45
sarita,180280116295,f,912-464-9495,Amreli,63,29,59,18,29
anchal,180280116296,f,328-237-0544,Bhuj,22,27,59,19,24
prakesh gupta,180280116297,m,948-668-5240,Ahmedabad,41,36,31,36,66
arvind kiran,180280116298,m,373-819-1819,Gandhinagar,34,28,57,49,59
raj kumari,180280116299,f,347-556-3045,Bhuj,67,63,65,70,66
sonam,180280116300,f,685-032-6690,Bhavnagar,53,65,47,64,48
pushpa tejshri,180280116301,f,161-382-5930,Bhavnagar,59,54,41,70,68
lakshmi devi,180280116302,f,483-324-5396,Bhuj,70,69,67,60,70
md aariv,180280116303,m,647-250-6862,Bhavnagar,30,25,31,36,37
chintan saini,180280116304,m,578-644-9591,Vadodara,62,53,25,64,68
sabana @ sabbo,180280116305,f,513-778-7633,Bhuj,43,62,36,62,64
naina,180280116306,f,879-164-7842,Bhuj,32,69,39,18,46
rahul sharma,180280116307,m,175-043-1902,Bhuj,69,63,45,25,33
tara munda,180280116308,f,867-349-7927,Rajkot,23,34,53,22,30
harmeet kaur,180280116309,f,559-249-4678,Gandhinagar,69,69,65,70,67
ashok pal,180280116310,m,128-821-3172,Amreli,49,45,42,15,67
laxmi bai,180280116311,f,466-335-7543,Surat,16,34,62,37,52
smt dhaneshwari devi,180280116312,f,758-345-8094,Bhavnagar,34,60,69,55,17
poonam,180280116313,f,582-361-0648,Gandhinagar,23,15,69,25,21
chettan,180280116314,m,137-722-6559,Bhuj,51,65,67,50,33
banty,180280116315,m,589-142-3833,Rajkot,63,46,22,42,21
parveen suyal,180280116316,m,313-451-5240,Vadodara,60,69,65,67,70
aaftab aslam,180280116317,m,922-108-2452,Amreli,58,19,23,25,57
tanmay,180280116318,m,120-286-6799,Bhuj,16,24,35,33,34
parvez,180280116319,m,718-600-1244,Rajkot,39,64,23,19,65
harender,180280116320,m,782-516-0956,Ahmedabad,25,44,33,69,40
satish,180280116321,m,541-051-7463,Gandhinagar,32,63,16,26,46
dariya kanwar,180280116322,f,470-772-0324,Rajkot,65,64,61,63,64
nisha @ sonu,180280116323,f,996-797-1059,Vadodara,22,44,37,21,64
mustak ahmed,180280116324,m,504-296-3803,Gandhinagar,70,63,67,65,69
navnit garg,180280116325,m,492-356-6903,Gandhinagar,66,54,31,20,35
arvind kumar @ sonu,180280116326,m,920-671-2417,Bhuj,70,16,61,24,27
kuldeep singh,180280116327,m,443-776-3857,Bhavnagar,31,38,69,39,42
archana,180280116328,f,688-605-0847,Bhavnagar,29,48,61,26,36
paratibha,180280116329,m,312-032-2673,Bhavnagar,16,29,62,51,64
mohd chand babu,180280116330,m,615-801-6443,Gandhinagar,39,39,64,63,35
kajal singh,180280116331,f,452-676-2532,Surat,68,69,64,62,67
durganand,180280116332,m,942-810-4987,Bhavnagar,46,64,65,39,60
ashad madik,180280116333,m,282-144-1158,Bhuj,61,31,18,57,60
bhala ram,180280116334,m,718-772-6698,Rajkot,48,28,21,56,29
deshraj,180280116335,m,116-515-8520,Gandhinagar,69,69,70,61,62
rajendra pal,180280116336,m,524-811-1376,Gandhinagar,64,66,65,63,70
swaliya,180280116337,f,682-444-6054,Bhavnagar,64,55,31,67,24
gurmel kour,180280116338,f,263-862-0497,Surat,63,28,43,70,24
asrf,180280116339,m,971-108-4189,Amreli,46,64,23,30,54
aarti,180280116340,f,218-376-6195,Bhavnagar,50,25,49,22,17
akhtari @ muskan,180280116341,f,915-011-3782,Rajkot,68,70,64,68,64
sonam,180280116342,f,502-588-9815,Rajkot,64,65,69,64,64
sandee[,180280116343,m,294-459-4841,Bhavnagar,65,67,64,69,69
rakesh,180280116344,m,570-448-9310,Bhavnagar,57,15,45,69,61
vimlesh,180280116345,f,180-709-4053,Rajkot,70,67,60,64,70
dharm pal s/o nawal singh,180280116346,m,946-601-1332,Bhuj,43,15,41,52,52
sumer malik,180280116347,m,445-231-3698,Rajkot,48,53,48,51,48
shashi pandit,180280116348,m,647-371-6115,Rajkot,62,31,59,61,27
nisha,180280116349,f,646-360-8973,Gandhinagar,15,67,52,38,38
anash,180280116350,m,826-511-5980,Bhavnagar,26,26,15,16,21
pooja,180280116351,f,592-748-1578,Surat,65,60,41,29,64
bhopal,180280116352,m,608-515-0369,Rajkot,46,63,50,31,67
heera kumari,180280116353,f,322-378-4072,Surat,18,67,65,50,22
poonam,180280116354,f,169-176-7591,Rajkot,24,58,42,37,66
amit kumar nagliya,180280116355,m,452-345-5575,Bhuj,54,47,59,22,41
girja,180280116356,f,547-228-2434,Amreli,38,22,63,24,20
lakshya sharma,180280116357,m,933-822-7767,Ahmedabad,26,64,65,68,36
narender singh,180280116358,m,878-143-1625,Surat,66,62,65,62,66
nisha@neelam,180280116359,f,358-841-4179,Bhuj,56,35,66,37,48
bal kishan @ bunty,180280116360,m,747-133-9366,Gandhinagar,38,39,56,48,56
naina kaushik,180280116361,f,630-616-9445,Bhuj,16,38,54,37,68
akash,180280116362,m,994-540-8404,Rajkot,51,50,30,57,36
dimple,180280116363,f,632-216-8492,Rajkot,64,68,65,65,66
himanshu,180280116364,m,199-075-9620,Bhuj,26,17,61,19,59
anuj,180280116365,m,962-864-3053,Gandhinagar,41,45,67,28,45
madhu,180280116366,f,715-746-3062,Surat,31,37,64,36,58
pooja,180280116367,f,851-875-1799,Surat,40,26,58,35,31
shankar lal,180280116368,m,932-437-1719,Surat,50,68,47,60,44
sunil garg,180280116369,m,861-729-9643,Ahmedabad,63,57,43,68,67
mamta,180280116370,f,371-068-4241,Bhuj,62,62,68,66,62
ravindra singh kandari,180280116371,m,711-126-4178,Surat,67,25,68,50,22
sant ram,180280116372,m,547-545-1748,Surat,41,58,37,35,62
jabir,180280116373,m,154-373-8925,Vadodara,39,64,45,54,63
deepak,180280116374,m,992-067-9206,Bhavnagar,23,36,57,23,42
arti,180280116375,f,893-148-4989,Rajkot,60,63,60,66,65
rahul jain,180280116376,m,945-790-0501,Amreli,43,58,27,51,46
anil kumar,180280116377,m,830-666-8275,Rajkot,56,61,16,28,24
kumari jyoti,180280116378,f,555-845-8546,Rajkot,26,39,65,61,70
ram dev yadav,180280116379,m,779-617-9384,Bhavnagar,70,66,24,64,36
richa,180280116380,f,888-508-3336,Vadodara,70,49,19,60,22
hardeep,180280116381,m,885-108-7010,Bhavnagar,35,42,43,41,69
om prakash,180280116382,m,115-842-7600,Bhuj,70,65,66,68,60
usha sharma,180280116383,f,223-462-4276,Vadodara,20,54,23,69,32
anish,180280116384,m,912-698-8731,Gandhinagar,59,64,41,46,37
vikram singh,180280116385,m,415-630-5522,Surat,53,39,32,32,37
yasodha,180280116386,f,541-574-8501,Gandhinagar,17,15,25,46,32
lokesh,180280116387,m,646-443-2307,Gandhinagar,61,66,68,70,66
sheela devi,180280116388,f,216-339-7143,Vadodara,46,41,26,67,39
aarti,180280116389,f,944-135-1463,Ahmedabad,15,50,43,24,39
shalu,180280116390,f,692-584-5273,Gandhinagar,64,67,63,66,70
salman,180280116391,m,602-543-3389,Bhavnagar,66,64,60,40,70
reshma,180280116392,f,980-513-0983,Surat,64,69,65,64,60
kishan yadav,180280116393,m,741-203-2622,Ahmedabad,58,39,31,36,61
sonu kumar,180280116394,m,801-827-5090,Bhuj,22,66,33,19,21
ravinder,180280116395,m,132-104-5046,Rajkot,27,47,61,28,53
parvesh,180280116396,f,827-207-8627,Bhavnagar,62,50,19,43,48
naresh kumar,180280116397,m,381-024-8435,Gandhinagar,19,50,56,33,68
rachpreet kaur,180280116398,f,480-852-3702,Gandhinagar,61,32,16,44,70
geeta,180280116399,f,477-280-0552,Ahmedabad,24,63,40,24,15
kirpa sankar,180280116400,m,914-595-9408,Ahmedabad,45,68,60,22,29
sonam,180280116401,f,661-720-7335,Bhavnagar,59,49,40,36,32
nirmla,180280116402,f,934-560-9816,Ahmedabad,62,61,67,68,70
paras,180280116403,m,168-753-4393,Ahmedabad,45,33,26,66,51
shakshi@ megha,180280116404,f,420-008-3134,Amreli,64,64,69,61,61
sh amrik singh,180280116405,m,341-524-5582,Bhuj,41,44,17,70,43
renu,180280116406,f,870-512-6860,Bhavnagar,59,25,65,22,39
nikita,180280116407,f,283-435-1103,Ahmedabad,32,35,38,38,47
sohail,180280116408,m,978-529-7543,Ahmedabad,40,43,57,22,36
bhawna,180280116409,f,885-779-6795,Rajkot,37,35,21,65,62
kaluram saini,180280116410,m,374-713-9878,Gandhinagar,69,65,68,66,60
rajna,180280116411,m,354-149-9482,Gandhinagar,44,34,27,26,65
bhawana kapoor,180280116412,f,915-230-8850,Gandhinagar,46,61,63,38,15
hawa singh,180280116413,m,560-160-8396,Rajkot,56,60,43,27,65
pinki,180280116414,f,117-068-3165,Gandhinagar,56,70,56,67,50
priyanka,180280116415,f,276-139-0302,Amreli,60,39,70,49,30
babita singh,180280116416,f,268-045-5525,Surat,45,49,24,31,37
neeraj,180280116417,m,800-339-4416,Surat,69,40,69,46,40
kumari rachna,180280116418,f,165-781-0653,Bhavnagar,23,34,60,64,23
pinky,180280116419,f,406-145-6928,Ahmedabad,15,16,45,64,20
partima,180280116420,f,136-779-9692,Bhavnagar,62,68,19,44,29
komal,180280116421,f,974-869-8831,Vadodara,20,43,66,30,63
deepak,180280116422,m,155-380-0630,Bhuj,57,37,48,18,50
pransis kallu,180280116423,m,309-205-6445,Bhavnagar,42,32,23,69,32
charan singh,180280116424,m,460-400-3669,Surat,44,31,29,56,57
suresh kumar,180280116425,m,649-259-2155,Amreli,17,47,48,45,30
bharti kumari,180280116426,f,836-762-8005,Ahmedabad,22,56,43,56,33
savita,180280116427,f,523-003-4685,Bhavnagar,67,68,62,61,65
mahrul nisha,180280116428,f,257-300-8796,Rajkot,65,61,61,68,64
shivani,180280116429,f,424-462-6483,Rajkot,68,70,70,67,66
ashish kumar,180280116430,m,157-660-7578,Gandhinagar,49,37,53,15,59
shivani,180280116431,f,164-609-2859,Surat,66,69,63,66,70
rajkumar,180280116432,m,515-732-8623,Ahmedabad,68,62,66,64,65
rajender,180280116433,m,973-016-5686,Amreli,40,47,31,23,37
priya,180280116434,f,889-152-9992,Amreli,67,42,67,66,63
taufik alam,180280116435,m,773-077-2053,Gandhinagar,64,70,63,61,62
jahgeer,180280116436,m,284-430-7914,Rajkot,41,17,58,70,56
sehnawaj,180280116437,m,621-650-9554,Bhavnagar,65,46,59,23,63
savita,180280116438,f,357-415-5903,Bhuj,26,62,52,48,55
laxman,180280116439,m,903-568-4656,Bhuj,21,66,44,30,69
jai kumar,180280116440,m,751-478-2134,Bhuj,65,64,61,66,64
kajal,180280116441,f,101-388-6510,Rajkot,65,55,46,31,20
yasmin,180280116442,f,505-402-3073,Bhavnagar,40,51,64,40,51
sanju,180280116443,f,752-708-4528,Surat,22,32,24,69,51
sonu,180280116444,f,291-112-4431,Ahmedabad,68,43,65,38,39
ravindr,180280116445,m,525-389-8764,Bhuj,46,16,24,28,57
shital,180280116446,f,576-829-8746,Vadodara,66,63,62,64,65
moni,180280116447,f,901-192-2777,Bhavnagar,25,39,25,48,43
mukesh devi,180280116448,f,598-279-7981,Vadodara,42,37,20,42,56
pawan kumar,180280116449,m,925-001-1948,Surat,60,64,68,65,60
wasim,180280116450,m,533-400-2176,Surat,70,57,56,52,52
madhwi,180280116451,f,767-340-4252,Ahmedabad,32,45,34,16,52
surendar,180280116452,m,266-648-7486,Vadodara,38,61,66,61,62
krishna,180280116453,f,582-379-7581,Ahmedabad,53,42,36,16,37
bahwana,180280116454,f,902-557-9293,Vadodara,58,49,29,64,15
sunil kumar @ bunty,180280116455,m,593-528-7044,Rajkot,63,70,60,66,61
priyanka,180280116456,f,690-134-6459,Gandhinagar,18,56,30,63,30
ranju sharma,180280116457,f,453-207-3648,Amreli,70,61,60,68,63
shahna,180280116458,f,494-880-4324,Surat,31,57,63,54,49
meena,180280116459,f,586-851-7608,Vadodara,22,24,45,68,61
firoj,180280116460,m,737-557-7601,Bhuj,24,55,29,38,19
rajni,180280116461,f,276-628-6875,Bhavnagar,60,63,69,67,61
sabnam@ tinku,180280116462,f,699-117-8366,Bhavnagar,24,42,22,47,29
harbhajan singh,180280116463,m,186-357-3276,Ahmedabad,39,65,54,51,62
vikash arora,180280116464,m,314-343-0175,Gandhinagar,69,17,41,61,42
pradep,180280116465,m,727-353-8304,Amreli,38,33,32,69,67
ravi kumar,180280116466,m,545-398-3270,Surat,38,27,42,55,56
pawan kumar,180280116467,m,643-403-4398,Bhavnagar,32,17,60,57,32
bhauk tyagi,180280116468,m,195-215-0478,Surat,29,25,62,16,23
"rekha with two doughters pooja, lakhsmi",180280116469,f,582-333-1703,Surat,17,64,34,43,55
diksha rana,180280116470,f,422-499-8277,Vadodara,60,28,65,28,22
minakshi sainai,180280116471,f,967-132-9600,Ahmedabad,68,67,43,22,31
yeshpal,180280116472,m,644-594-6641,Bhavnagar,15,60,20,48,67
chander shekar,180280116473,m,313-184-1632,Amreli,16,17,68,33,34
akash lal,180280116474,m,194-139-2090,Bhuj,66,31,65,39,69
lilima @ manshi,180280116475,f,180-030-2250,Rajkot,29,56,28,59,33
anjali,180280116476,f,541-184-1062,Gandhinagar,47,54,57,16,26
laxmi @ gudiya,180280116477,f,625-402-5716,Amreli,64,69,63,64,62
najmin,180280116478,f,456-070-6324,Gandhinagar,64,60,67,63,65
parvati,180280116479,f,371-798-5802,Amreli,43,53,65,54,65
aarti devi,180280116480,f,974-173-9886,Surat,58,58,49,24,39
radha,180280116481,f,782-058-2724,Surat,18,67,62,46,55
smt bhagwani devi,180280116482,f,536-204-5301,Vadodara,66,62,60,42,36
neha,180280116483,f,244-117-3738,Amreli,31,59,61,43,62
amisha,180280116484,f,233-124-1053,Surat,55,54,67,18,65
aarti,180280116485,f,874-542-3170,Ahmedabad,23,53,56,24,21
बबीता,180280116486,f,542-135-3105,Bhavnagar,58,44,67,62,36
seema saini,180280116487,f,636-080-4566,Surat,68,65,61,64,66
sandeep,180280116488,m,476-030-3447,Amreli,40,29,55,52,59
jisaan,180280116489,m,759-192-1893,Bhavnagar,43,21,50,22,26
vijay kumar,180280116490,m,946-802-7414,Gandhinagar,25,59,27,48,65
rehaan,180280116491,m,152-858-8173,Ahmedabad,38,45,29,30,56
sumaila,180280116492,f,824-512-5813,Surat,20,69,21,20,40
beragi singh,180280116493,m,884-187-0262,Amreli,62,61,70,69,64
ashok pandey,180280116494,m,367-634-3990,Vadodara,54,15,25,36,66
dildar khan,180280116495,m,546-619-7663,Amreli,24,18,24,63,17
saroj,180280116496,f,388-719-4471,Rajkot,62,59,54,44,69
divya,180280116497,f,697-445-8787,Gandhinagar,63,50,31,37,51
nadir,180280116498,m,743-705-2655,Bhavnagar,63,65,64,68,67
gora,180280116499,f,790-371-6326,Amreli,20,32,58,53,62
dinesh kumar,180280116500,m,457-484-0220,Bhavnagar,15,54,18,30,26
tarannum,180280116501,f,491-129-1915,Gandhinagar,58,21,27,45,23
paramdeep kaur,180280116502,f,711-835-7890,Bhuj,17,19,33,30,15
shobha,180280116503,f,878-006-0646,Bhuj,28,66,32,45,67
balraj singh,180280116504,m,357-741-8238,Rajkot,25,48,29,29,57
smt sarita davi,180280116505,f,404-411-9602,Vadodara,62,45,28,70,27
ravina,180280116506,f,196-508-1801,Rajkot,70,62,44,47,22
virender,180280116507,m,171-408-2562,Vadodara,57,25,40,34,43
sonia,180280116508,f,746-007-7697,Vadodara,48,65,66,45,36
katwa,180280116509,m,156-283-1764,Surat,15,24,21,34,46
neeraj,180280116510,f,359-662-9102,Surat,44,69,39,53,43
sushela devi,180280116511,f,178-458-6601,Vadodara,49,56,16,59,59
prmod paswan,180280116512,m,657-333-7264,Rajkot,64,62,63,68,62
मुकेश,180280116513,m,712-150-7083,Ahmedabad,47,42,25,34,47
jawahar singh,180280116514,m,952-852-8663,Bhuj,39,47,29,15,18
seeta,180280116515,f,149-091-8907,Bhavnagar,35,52,70,40,29
nishant,180280116516,m,963-141-2240,Surat,63,67,62,64,65
ritu,180280116517,f,183-519-6723,Bhuj,24,45,47,53,24
shashi bhusan,180280116518,m,283-125-8293,Ahmedabad,55,46,55,54,60
mithun kumar,180280116519,m,527-305-4095,Rajkot,17,29,15,61,70
pitar topo,180280116520,m,747-785-8524,Vadodara,66,70,65,65,66
sunil,180280116521,m,791-703-0604,Gandhinagar,70,62,65,66,61
phool kuwar ,180280116522,m,461-747-4205,Ahmedabad,67,63,63,62,64
neetu,180280116523,f,823-001-7515,Bhuj,39,55,57,22,16
rajlaxmi,180280116524,f,479-861-2187,Ahmedabad,56,69,58,21,46
ramesh,180280116525,m,984-209-7642,Amreli,53,20,53,64,60
nishant@ chintu,180280116526,m,801-144-2112,Surat,49,54,20,26,34
ram bhajan,180280116527,m,516-831-9049,Gandhinagar,67,40,59,54,31
neelam,180280116528,f,800-339-8256,Bhuj,59,36,58,52,42
raju,180280116529,m,491-514-6317,Vadodara,17,32,54,47,15
sonyi,180280116530,f,627-437-4976,Surat,55,28,55,32,34
pinky,180280116531,f,366-087-7536,Vadodara,62,69,66,60,68
kamlesh,180280116532,m,742-315-7261,Rajkot,70,66,65,61,62
rasab,180280116533,m,815-816-0512,Ahmedabad,65,68,62,67,64
rekha varhat`,180280116534,f,769-854-9436,Rajkot,69,66,58,60,19
rashmi,180280116535,f,435-060-7705,Gandhinagar,15,34,40,36,55
rekha devi,180280116536,f,314-577-0085,Bhuj,54,32,56,39,56
mohd. aslam,180280116537,m,378-610-7252,Surat,46,15,58,41,28
kiran kaur,180280116538,f,992-070-6837,Surat,43,51,66,64,55
silpi kumari,180280116539,f,927-697-7814,Ahmedabad,65,52,46,54,55
guljan,180280116540,f,941-706-2688,Vadodara,68,64,62,68,70
sikha,180280116541,f,382-800-2778,Bhavnagar,62,66,67,67,67
sarik,180280116542,m,576-195-2769,Amreli,61,62,70,66,68
anil singh kushwah,180280116543,m,825-163-7203,Bhavnagar,24,47,44,47,47
smt. reena,180280116544,f,594-592-7472,Bhavnagar,69,31,37,53,47
mamraj sharma s/o genda lal sharma,180280116545,m,177-564-3367,Rajkot,27,40,55,18,31
meenu,180280116546,f,334-842-5560,Vadodara,25,24,46,15,20
luv kumar,180280116547,m,357-017-9166,Rajkot,45,59,46,54,44
pooja,180280116548,f,960-182-0455,Gandhinagar,29,63,28,22,20
punit,180280116549,m,142-636-4098,Ahmedabad,19,54,50,50,55
ram charan,180280116550,m,908-435-1464,Vadodara,18,51,61,55,33
vishal,180280116551,m,766-123-4771,Ahmedabad,69,65,60,69,66
gurmeet,180280116552,f,766-190-0590,Bhuj,21,67,40,17,60
neeraj kumar,180280116553,m,962-698-0868,Vadodara,23,17,16,25,49
ravinder kumar,180280116554,m,126-531-0603,Bhuj,48,58,57,47,64
reenu,180280116555,f,646-888-2705,Vadodara,63,67,63,66,66
mohd. salim,180280116556,m,982-403-7435,Ahmedabad,69,64,70,68,67
rantesh,180280116557,m,897-434-3430,Bhuj,52,34,34,15,24
meethu,180280116558,f,809-595-7287,Bhavnagar,19,54,56,67,16
mrs. nidhi,180280116559,f,622-211-7172,Gandhinagar,69,62,68,65,68
krishan,180280116560,m,865-190-2975,Surat,62,64,67,62,60
diksha gupta,180280116561,f,606-813-3048,Amreli,56,21,17,51,41
beauty,180280116562,f,575-249-3105,Vadodara,53,64,38,43,30
bimlesh,180280116563,f,506-550-3780,Surat,33,25,39,20,29
ranu,180280116564,f,861-550-1215,Amreli,20,27,66,20,22
ramesh babu,180280116565,m,849-611-5167,Bhavnagar,18,64,65,31,38
aarif,180280116566,m,489-220-4103,Amreli,24,58,15,32,40
amar nath,180280116567,m,751-120-2666,Surat,65,65,70,69,67
vimla,180280116568,f,117-746-7470,Gandhinagar,51,42,33,64,56
akansh anand,180280116569,m,109-683-9884,Amreli,60,33,36,57,30
munna kumar @ pankaj,180280116570,m,557-307-3688,Ahmedabad,21,25,40,30,17
sangeeta,180280116571,f,980-651-0599,Bhavnagar,34,65,70,61,55
majid ansari,180280116572,m,250-554-7058,Bhuj,69,67,60,61,69
tanvir ahmad,180280116573,m,652-042-3526,Bhavnagar,59,44,58,28,42
rohit,180280116574,m,506-289-8498,Gandhinagar,63,64,70,70,69
mukesh kumar,180280116575,m,530-843-0895,Vadodara,69,61,67,61,66
nitesh,180280116576,m,662-011-5264,Vadodara,65,61,63,61,67
jakra khatoon,180280116577,f,902-618-6371,Amreli,69,66,60,62,67
mansi,180280116578,f,499-460-9783,Vadodara,41,28,27,45,19
smt sushma,180280116579,f,541-470-6567,Bhavnagar,20,36,18,34,56
roshni kumari,180280116580,f,758-295-2287,Ahmedabad,23,47,62,20,42
pankaj mishra,180280116581,m,129-632-6242,Amreli,31,37,69,53,35
kiran,180280116582,f,104-414-4537,Amreli,19,39,54,32,64
tanveer,180280116583,m,398-161-6605,Bhavnagar,66,65,61,60,67
deepak sharma,180280116584,m,931-296-6175,Ahmedabad,17,15,50,24,35
anoop singh patwal,180280116585,m,709-582-5422,Amreli,24,20,40,39,20
smt rani devi,180280116586,f,332-181-9170,Bhavnagar,27,25,39,39,47
shashi,180280116587,f,687-875-7885,Vadodara,59,24,26,51,30
suman,180280116588,f,728-882-8175,Vadodara,70,15,54,25,52
dama  rajanna,180280116589,m,588-820-7147,Vadodara,64,35,31,38,24
gopi devi,180280116590,f,727-551-6455,Amreli,61,69,38,33,45
kumari mheraj,180280116591,f,110-606-3375,Gandhinagar,15,65,55,51,58
puja,180280116592,f,413-273-9720,Bhavnagar,24,25,56,53,58
tek chand ,180280116593,m,745-502-0580,Bhuj,48,46,49,70,35
mnoj sethi,180280116594,m,286-488-5724,Rajkot,17,40,64,19,45
bacche singh,180280116595,m,797-630-7012,Bhavnagar,70,33,43,69,36
prince verma,180280116596,m,896-264-0360,Rajkot,44,57,69,46,40
suman,180280116597,f,107-562-3344,Vadodara,38,57,47,15,16
rohit,180280116598,m,552-177-8520,Gandhinagar,19,64,48,25,64
pavan kumar sharma,180280116599,m,367-527-6926,Bhavnagar,18,31,29,48,17
meera,180280116600,f,691-681-6700,Ahmedabad,56,19,39,54,59
sumitra bai,180280116601,f,527-662-3475,Rajkot,47,39,44,49,65
seema das,180280116602,f,593-853-3128,Ahmedabad,70,60,68,61,63
smt mamta harijan,180280116603,f,551-091-8771,Rajkot,44,70,39,64,25
